CREATE DATABASE  IF NOT EXISTS `eventhos` /*!40100 DEFAULT CHARACTER SET latin1 */;
USE `eventhos`;
-- MySQL dump 10.13  Distrib 5.7.36, for Win64 (x86_64)
--
-- Host: 127.0.0.1    Database: eventhos
-- ------------------------------------------------------
-- Server version	5.7.17

/*!40101 SET @OLD_CHARACTER_SET_CLIENT=@@CHARACTER_SET_CLIENT */;
/*!40101 SET @OLD_CHARACTER_SET_RESULTS=@@CHARACTER_SET_RESULTS */;
/*!40101 SET @OLD_COLLATION_CONNECTION=@@COLLATION_CONNECTION */;
/*!40101 SET NAMES utf8 */;
/*!40103 SET @OLD_TIME_ZONE=@@TIME_ZONE */;
/*!40103 SET TIME_ZONE='+00:00' */;
/*!40014 SET @OLD_UNIQUE_CHECKS=@@UNIQUE_CHECKS, UNIQUE_CHECKS=0 */;
/*!40014 SET @OLD_FOREIGN_KEY_CHECKS=@@FOREIGN_KEY_CHECKS, FOREIGN_KEY_CHECKS=0 */;
/*!40101 SET @OLD_SQL_MODE=@@SQL_MODE, SQL_MODE='NO_AUTO_VALUE_ON_ZERO' */;
/*!40111 SET @OLD_SQL_NOTES=@@SQL_NOTES, SQL_NOTES=0 */;

--
-- Table structure for table `action`
--

DROP TABLE IF EXISTS `action`;
/*!40101 SET @saved_cs_client     = @@character_set_client */;
/*!40101 SET character_set_client = utf8 */;
CREATE TABLE `action` (
  `id` int(11) NOT NULL AUTO_INCREMENT,
  `system_id` int(10) unsigned NOT NULL,
  `identifier` varchar(75) NOT NULL COMMENT 'Auto generated column, lower case name and the operation generated by the back end',
  `name` varchar(45) NOT NULL COMMENT 'A name for the action',
  `http_configuration` json NOT NULL COMMENT 'An http configuration that should resamblace axios config',
  `operation` varchar(25) NOT NULL COMMENT 'What operation does the action represents (select, new,update, delete, process) ',
  `description` tinytext NOT NULL COMMENT 'A short description for the action',
  `deleted` tinyint(1) NOT NULL DEFAULT '0',
  `created_at` timestamp NOT NULL DEFAULT CURRENT_TIMESTAMP,
  `updated_at` timestamp NOT NULL DEFAULT CURRENT_TIMESTAMP ON UPDATE CURRENT_TIMESTAMP,
  PRIMARY KEY (`id`),
  UNIQUE KEY `identifier_UNIQUE` (`identifier`),
  KEY `fk_action_system1_idx` (`system_id`),
  CONSTRAINT `fk_action_system1` FOREIGN KEY (`system_id`) REFERENCES `system` (`id`) ON DELETE NO ACTION ON UPDATE NO ACTION
) ENGINE=InnoDB AUTO_INCREMENT=24 DEFAULT CHARSET=latin1;
/*!40101 SET character_set_client = @saved_cs_client */;

--
-- Dumping data for table `action`
--

LOCK TABLES `action` WRITE;
/*!40000 ALTER TABLE `action` DISABLE KEYS */;
INSERT INTO `action` VALUES (1,1,'new_profesor','Profesor','{\"url\": \"https://jsonplaceholder.typicode.com/posts\", \"method\": \"post\"}','new','Accion para crear un profesor',0,'2021-11-17 13:46:24','2021-11-17 14:14:29'),(3,1,'update_profesor','Profesor','{\"url\": \"https://webhook.site/88ffd5c5-9158-43da-8b84-4d7a9beadb6e\", \"method\": \"put\"}','update','Accion para actualizar un profesor',0,'2021-11-17 14:13:59','2021-11-18 15:02:58'),(4,1,'delete_profesor','Profesor','{\"url\": \"https://jsonplaceholder.typicode.com/posts/1\", \"method\": \"delete\"}','delete','Accion para eliminar un profesor',0,'2021-11-17 14:16:14','2021-11-17 14:16:14'),(5,1,'select_profesor','Profesor','{\"url\": \"https://jsonplaceholder.typicode.com/posts/1\", \"method\": \"get\"}','select','Accion seleccionar un profesor',0,'2021-11-17 14:17:22','2021-11-17 14:17:22'),(6,1,'process_profesor','Profesor','{\"url\": \"https://jsonplaceholder.typicode.com/posts\", \"method\": \"get\"}','process','Multiples operaciones en un profesor',0,'2021-11-17 14:18:32','2021-11-17 14:18:32'),(8,2,'process_notas','Notas','{\"url\": \"https://jsonplaceholder.typicode.com/posts\", \"method\": \"get\"}','process','Multiples operaciones en una nota',0,'2021-11-17 14:19:35','2021-11-17 14:19:35'),(9,2,'delete_notas','Notas','{\"url\": \"https://jsonplaceholder.typicode.com/posts/1\", \"method\": \"delete\"}','delete','Eliminar una nota',0,'2021-11-17 14:20:21','2021-11-17 14:20:21'),(10,2,'update_notas','Notas','{\"url\": \"https://jsonplaceholder.typicode.com/posts/1\", \"method\": \"update\"}','update','Update una nota',0,'2021-11-17 14:20:50','2021-11-17 14:20:50'),(11,2,'select_notas','Notas','{\"url\": \"https://jsonplaceholder.typicode.com/posts/1\", \"method\": \"get\"}','select','Optener una nota',0,'2021-11-17 14:21:16','2021-11-17 14:21:16'),(12,2,'new_notas','Notas','{\"url\": \"https://jsonplaceholder.typicode.com/posts\", \"method\": \"post\"}','new','Crear una nota',0,'2021-11-17 14:21:53','2021-11-17 14:22:23'),(14,3,'new_pago','Pago','{\"url\": \"https://pagos.free.beeceptor.com/\", \"method\": \"post\"}','new','Crea un pago',0,'2021-11-17 14:38:35','2021-11-17 19:58:12'),(15,5,'new_tuition','Tuition','{\"url\": \"https://student-system.free.beeceptor.com/tuition\", \"method\": \"post\"}','new','Enables student tuition',0,'2021-11-18 17:56:03','2021-11-18 17:56:03'),(16,6,'update_pending_payment_list','Pending Payment List','{\"url\": \"https://accounting-system.free.beeceptor.com/payment\", \"method\": \"put\"}','update','Updates the pending payment list',0,'2021-11-18 18:22:27','2021-11-18 19:20:41'),(17,9,'select_show_new_student_payment','Show New Student Payment','{\"url\": \"https://virtual-classroom-system.free.beeceptor.com/payment\", \"method\": \"get\"}','select','Shows the new payment',0,'2021-11-18 18:54:23','2021-11-18 18:54:23'),(18,2,'new_student_record','Create New Student Record','{\"url\": \"https://student-record-system.free.beeceptor.com/record\", \"method\": \"post\"}','select','Creates a new student record',0,'2021-11-18 19:05:50','2021-11-18 19:05:50'),(19,11,'new_mock_1','Mock 1','{\"url\": \"http://localhost:9001/mock-endpoint\", \"method\": \"post\"}','new','Mock 1',0,'2021-11-19 16:10:24','2021-11-19 16:10:24'),(20,11,'new_mock_2','Mock 2','{\"url\": \"http://localhost:9002/mock-endpoint\", \"method\": \"post\"}','new','Mock 2',0,'2021-11-19 16:10:44','2021-11-19 16:10:44'),(21,11,'new_mock_3','Mock 3','{\"url\": \"http://localhost:9003/mock-endpoint\", \"method\": \"post\"}','new','Mock 3',0,'2021-11-19 16:10:59','2021-11-19 16:10:59'),(22,11,'new_mock_4','Mock 4','{\"url\": \"http://localhost:9004/mock-endpoint\", \"method\": \"post\"}','new','Mock 4',0,'2021-11-19 16:11:13','2021-11-19 16:11:13'),(23,11,'new_mock_0','Mock 0','{\"url\": \"http://localhost:9000/mock-endpoint\", \"method\": \"post\"}','new','Mock 0',0,'2021-11-19 16:11:20','2021-11-19 16:11:20');
/*!40000 ALTER TABLE `action` ENABLE KEYS */;
UNLOCK TABLES;

--
-- Table structure for table `action_security`
--

DROP TABLE IF EXISTS `action_security`;
/*!40101 SET @saved_cs_client     = @@character_set_client */;
/*!40101 SET character_set_client = utf8 */;
CREATE TABLE `action_security` (
  `id` int(10) unsigned NOT NULL AUTO_INCREMENT,
  `action_id` int(11) NOT NULL COMMENT 'The id of the action',
  `type` varchar(45) NOT NULL COMMENT 'What type of security does the action has',
  `http_configuration` json DEFAULT NULL COMMENT 'An http configuration that should resamblace axios config for oauth2 spec.',
  `json_path_exp` varchar(75) DEFAULT NULL COMMENT 'A JSON path expression for extracting the acces_key',
  `updated_at` timestamp NOT NULL DEFAULT CURRENT_TIMESTAMP ON UPDATE CURRENT_TIMESTAMP,
  PRIMARY KEY (`id`),
  UNIQUE KEY `idAction_Security_UNIQUE` (`id`),
  UNIQUE KEY `id_action_UNIQUE` (`action_id`),
  KEY `fk_Action_Security_Actions1_idx` (`action_id`),
  CONSTRAINT `fk_Action_Security_Actions1` FOREIGN KEY (`action_id`) REFERENCES `action` (`id`) ON DELETE NO ACTION ON UPDATE NO ACTION
) ENGINE=InnoDB AUTO_INCREMENT=26 DEFAULT CHARSET=latin1;
/*!40101 SET character_set_client = @saved_cs_client */;

--
-- Dumping data for table `action_security`
--

LOCK TABLES `action_security` WRITE;
/*!40000 ALTER TABLE `action_security` DISABLE KEYS */;
INSERT INTO `action_security` VALUES (1,3,'auth_header',NULL,NULL,'2021-11-17 16:54:14'),(2,14,'auth_header',NULL,NULL,'2021-11-17 19:20:12'),(3,18,'auth_header',NULL,NULL,'2021-11-18 19:09:00'),(4,17,'auth_header',NULL,NULL,'2021-11-18 19:09:05'),(5,16,'auth_header',NULL,NULL,'2021-11-18 19:09:08'),(6,15,'auth_header',NULL,NULL,'2021-11-18 19:09:11'),(9,12,'auth_header',NULL,NULL,'2021-11-18 19:09:17'),(10,11,'auth_header',NULL,NULL,'2021-11-18 19:09:20'),(11,10,'auth_header',NULL,NULL,'2021-11-18 19:09:22'),(12,9,'auth_header',NULL,NULL,'2021-11-18 19:09:25'),(13,8,'auth_header',NULL,NULL,'2021-11-18 19:09:27'),(15,6,'auth_header',NULL,NULL,'2021-11-18 19:09:43'),(16,5,'auth_header',NULL,NULL,'2021-11-18 19:09:46'),(17,4,'auth_header',NULL,NULL,'2021-11-18 19:09:48'),(20,1,'auth_header',NULL,NULL,'2021-11-18 19:09:55'),(21,19,'auth_header',NULL,NULL,'2021-11-19 16:14:25'),(22,20,'auth_header',NULL,NULL,'2021-11-19 16:14:33'),(23,21,'auth_header',NULL,NULL,'2021-11-19 16:14:34'),(24,22,'auth_header',NULL,NULL,'2021-11-19 16:14:36'),(25,23,'auth_header',NULL,NULL,'2021-11-19 16:14:37');
/*!40000 ALTER TABLE `action_security` ENABLE KEYS */;
UNLOCK TABLES;

--
-- Table structure for table `contract`
--

DROP TABLE IF EXISTS `contract`;
/*!40101 SET @saved_cs_client     = @@character_set_client */;
/*!40101 SET character_set_client = utf8 */;
CREATE TABLE `contract` (
  `id` int(10) unsigned NOT NULL AUTO_INCREMENT,
  `action_id` int(11) NOT NULL COMMENT 'The id of the action to execute',
  `event_id` int(10) unsigned NOT NULL COMMENT 'The id of the event that the contract is listening',
  `identifier` varchar(75) NOT NULL COMMENT 'Auto generated column, lower case name and the operation generated by the back end',
  `name` varchar(45) NOT NULL COMMENT 'A name for the contract',
  `active` tinyint(1) NOT NULL DEFAULT '1' COMMENT 'Is the contract currently active?',
  `deleted` tinyint(1) DEFAULT '0',
  `created_at` timestamp NULL DEFAULT CURRENT_TIMESTAMP,
  `updated_at` timestamp NULL DEFAULT CURRENT_TIMESTAMP ON UPDATE CURRENT_TIMESTAMP,
  PRIMARY KEY (`id`),
  UNIQUE KEY `id_UNIQUE` (`id`),
  UNIQUE KEY `identifier_UNIQUE` (`identifier`),
  KEY `fk_contract_action1_idx` (`action_id`),
  KEY `fk_contract_event1_idx` (`event_id`),
  CONSTRAINT `fk_contract_action1` FOREIGN KEY (`action_id`) REFERENCES `action` (`id`) ON DELETE NO ACTION ON UPDATE NO ACTION,
  CONSTRAINT `fk_contract_event1` FOREIGN KEY (`event_id`) REFERENCES `event` (`id`) ON DELETE NO ACTION ON UPDATE NO ACTION
) ENGINE=InnoDB AUTO_INCREMENT=12 DEFAULT CHARSET=latin1;
/*!40101 SET character_set_client = @saved_cs_client */;

--
-- Dumping data for table `contract`
--

LOCK TABLES `contract` WRITE;
/*!40000 ALTER TABLE `contract` DISABLE KEYS */;
INSERT INTO `contract` VALUES (1,3,2,'actualizar_profesor_con_nota','Actualizar Profesor con nota',1,0,'2021-11-17 14:32:04','2021-11-17 14:32:04'),(2,14,2,'pagar_profesor','Pagar Profesor',1,0,'2021-11-17 19:08:12','2021-11-17 19:08:12'),(3,18,15,'generate_from_new_student_payment_a_record','Generate From New Student Payment a Record',1,0,'2021-11-18 19:18:28','2021-11-18 19:19:13'),(4,17,15,'generate_from_new_student_payment_a_show_payment','Generate Show Payment',1,0,'2021-11-18 19:20:17','2021-11-18 19:20:17'),(5,15,15,'generate_from_new_student_payment_a_tuition','Generate Show Payment a tuition',1,0,'2021-11-18 19:21:25','2021-11-18 19:21:25'),(6,16,15,'generate_from_new_student_payment_a_update_payment_list','Generate Show Payment a payment list',1,0,'2021-11-18 19:22:42','2021-11-18 19:22:42'),(7,19,18,'contract_mock_1','Contract Mock 1',1,0,'2021-11-19 16:18:52','2021-11-19 16:18:52'),(8,20,18,'contract_mock_2','Contract Mock 2',1,0,'2021-11-19 16:18:59','2021-11-19 16:18:59'),(9,21,18,'contract_mock_3','Contract Mock 3',1,0,'2021-11-19 16:19:10','2021-11-19 16:19:10'),(10,22,18,'contract_mock_4','Contract Mock 4',1,0,'2021-11-19 16:19:19','2021-11-19 16:19:19'),(11,23,18,'contract_mock_0','Contract Mock 0',1,0,'2021-11-19 16:20:06','2021-11-19 16:20:06');
/*!40000 ALTER TABLE `contract` ENABLE KEYS */;
UNLOCK TABLES;

--
-- Table structure for table `contract_exc_detail`
--

DROP TABLE IF EXISTS `contract_exc_detail`;
/*!40101 SET @saved_cs_client     = @@character_set_client */;
/*!40101 SET character_set_client = utf8 */;
CREATE TABLE `contract_exc_detail` (
  `id` int(10) unsigned NOT NULL AUTO_INCREMENT COMMENT 'The id for the event',
  `contract_id` int(10) unsigned NOT NULL,
  `recived_event_id` int(10) unsigned NOT NULL,
  `state` varchar(15) NOT NULL COMMENT 'What satate the contract is at? (ERROR, PROCESSING, COMPLETED)',
  PRIMARY KEY (`id`),
  UNIQUE KEY `id_UNIQUE` (`id`),
  KEY `fk_contract_exc_detail_recived_event1_idx` (`recived_event_id`),
  KEY `fk_contract_exc_detail_contract1_idx` (`contract_id`),
  CONSTRAINT `fk_contract_exc_detail_contract1` FOREIGN KEY (`contract_id`) REFERENCES `contract` (`id`) ON DELETE NO ACTION ON UPDATE NO ACTION,
  CONSTRAINT `fk_contract_exc_detail_recived_event1` FOREIGN KEY (`recived_event_id`) REFERENCES `received_event` (`id`) ON DELETE NO ACTION ON UPDATE NO ACTION
) ENGINE=InnoDB DEFAULT CHARSET=latin1;
/*!40101 SET character_set_client = @saved_cs_client */;

--
-- Dumping data for table `contract_exc_detail`
--

LOCK TABLES `contract_exc_detail` WRITE;
/*!40000 ALTER TABLE `contract_exc_detail` DISABLE KEYS */;
/*!40000 ALTER TABLE `contract_exc_detail` ENABLE KEYS */;
UNLOCK TABLES;

--
-- Table structure for table `contract_exc_try`
--

DROP TABLE IF EXISTS `contract_exc_try`;
/*!40101 SET @saved_cs_client     = @@character_set_client */;
/*!40101 SET character_set_client = utf8 */;
CREATE TABLE `contract_exc_try` (
  `id` int(10) unsigned NOT NULL AUTO_INCREMENT,
  `contract_exc_detail_id` int(10) unsigned NOT NULL,
  `state` varchar(15) NOT NULL COMMENT 'What satate the contract is at? (ERROR, PROCESSING, COMPLETED)',
  `header` json NOT NULL COMMENT 'The header of the contact response',
  `body` json DEFAULT NULL COMMENT 'The response body of the contract',
  `executed_at` timestamp NOT NULL DEFAULT CURRENT_TIMESTAMP COMMENT 'When was the contract executed',
  `finished_at` timestamp NULL DEFAULT NULL COMMENT 'When did the contract finished, either in success or with an error',
  PRIMARY KEY (`id`),
  UNIQUE KEY `id_UNIQUE` (`id`),
  KEY `fk_contract_exc_try_contract_exc_detail1_idx` (`contract_exc_detail_id`),
  CONSTRAINT `fk_contract_exc_try_contract_exc_detail1` FOREIGN KEY (`contract_exc_detail_id`) REFERENCES `contract_exc_detail` (`id`) ON DELETE NO ACTION ON UPDATE NO ACTION
) ENGINE=InnoDB DEFAULT CHARSET=latin1;
/*!40101 SET character_set_client = @saved_cs_client */;

--
-- Dumping data for table `contract_exc_try`
--

LOCK TABLES `contract_exc_try` WRITE;
/*!40000 ALTER TABLE `contract_exc_try` DISABLE KEYS */;
/*!40000 ALTER TABLE `contract_exc_try` ENABLE KEYS */;
UNLOCK TABLES;

--
-- Table structure for table `event`
--

DROP TABLE IF EXISTS `event`;
/*!40101 SET @saved_cs_client     = @@character_set_client */;
/*!40101 SET character_set_client = utf8 */;
CREATE TABLE `event` (
  `id` int(10) unsigned NOT NULL AUTO_INCREMENT COMMENT 'The id for the event',
  `system_id` int(10) unsigned NOT NULL,
  `identifier` varchar(75) NOT NULL COMMENT 'Auto generated column, lower case name and the operation generated by the back end',
  `name` varchar(45) NOT NULL COMMENT 'A name for the event',
  `operation` varchar(25) NOT NULL COMMENT 'What operation does the event represents (select, new,update, delete, process) ',
  `description` tinytext NOT NULL COMMENT 'A short description for the event',
  `deleted` tinyint(1) NOT NULL DEFAULT '0',
  `created_at` timestamp NOT NULL DEFAULT CURRENT_TIMESTAMP,
  `updated_at` timestamp NOT NULL DEFAULT CURRENT_TIMESTAMP ON UPDATE CURRENT_TIMESTAMP,
  PRIMARY KEY (`id`),
  UNIQUE KEY `idProducer_Event_UNIQUE` (`id`),
  UNIQUE KEY `identifier_UNIQUE` (`identifier`),
  KEY `fk_event_system1_idx` (`system_id`),
  CONSTRAINT `fk_event_system1` FOREIGN KEY (`system_id`) REFERENCES `system` (`id`) ON DELETE NO ACTION ON UPDATE NO ACTION
) ENGINE=InnoDB AUTO_INCREMENT=19 DEFAULT CHARSET=latin1;
/*!40101 SET character_set_client = @saved_cs_client */;

--
-- Dumping data for table `event`
--

LOCK TABLES `event` WRITE;
/*!40000 ALTER TABLE `event` DISABLE KEYS */;
INSERT INTO `event` VALUES (1,1,'new_profesor','Profesor','new','Nuevo profesor',0,'2021-11-16 18:50:35','2021-11-16 18:50:35'),(2,2,'new_nota','Nota','new','Se crea una nueva nota',0,'2021-11-17 13:55:17','2021-11-17 13:58:31'),(3,2,'update_nota','Nota','update','Se actualiza una nota',0,'2021-11-17 13:55:44','2021-11-17 13:55:44'),(4,2,'delete_nota','Nota','delete','Se borra una nota',0,'2021-11-17 13:56:05','2021-11-17 13:56:05'),(5,2,'select_nota','Nota','select','Se obtiene una nota',0,'2021-11-17 13:57:31','2021-11-17 13:57:31'),(7,2,'process_nota','Nota','process','Se realizan diversas operaciones con una nota',0,'2021-11-17 13:58:04','2021-11-17 13:58:04'),(8,1,'process_profesor','Profesor','process','Se realizan diversas operaciones con un profesor',0,'2021-11-17 14:05:06','2021-11-17 14:05:06'),(9,1,'select_profesor','Profesor','select','Se optiene un profesor',0,'2021-11-17 14:05:32','2021-11-17 14:05:32'),(11,1,'delete_profesor','Profesor','delete','Se elimina a un profesor',0,'2021-11-17 14:07:08','2021-11-17 14:07:08'),(12,1,'update_profesor','Profesor','update','Se actualiza a un profesor',0,'2021-11-17 14:07:28','2021-11-17 14:07:28'),(13,3,'new_pago','Pago','new','Se crea un pago',0,'2021-11-17 14:37:05','2021-11-17 14:37:05'),(14,3,'select_pago','Pago','select','Se optiene un pago',0,'2021-11-17 14:37:33','2021-11-17 14:37:33'),(15,4,'new_student_payment','Student Payment','new','New student payment',0,'2021-11-18 17:43:08','2021-11-18 17:43:08'),(16,4,'new_professor_payment','Professor Payment','new','New payment to a professor',0,'2021-11-18 17:44:44','2021-11-18 17:44:44'),(18,10,'process_stress_event','Stress Event','process','Evento to start stress test',0,'2021-11-19 16:03:01','2021-11-19 16:03:01');
/*!40000 ALTER TABLE `event` ENABLE KEYS */;
UNLOCK TABLES;

--
-- Table structure for table `received_event`
--

DROP TABLE IF EXISTS `received_event`;
/*!40101 SET @saved_cs_client     = @@character_set_client */;
/*!40101 SET character_set_client = utf8 */;
CREATE TABLE `received_event` (
  `id` int(10) unsigned NOT NULL AUTO_INCREMENT COMMENT 'The id for the event',
  `event_id` int(10) unsigned NOT NULL COMMENT 'The id of the event',
  `header` json NOT NULL COMMENT 'The header of the request event',
  `body` json DEFAULT NULL COMMENT 'The body of the request event',
  `recived_at` timestamp NOT NULL DEFAULT CURRENT_TIMESTAMP COMMENT 'When was the event recived',
  PRIMARY KEY (`id`),
  UNIQUE KEY `id_UNIQUE` (`id`),
  KEY `fk_recived_event_event1_idx` (`event_id`),
  CONSTRAINT `fk_recived_event_event1` FOREIGN KEY (`event_id`) REFERENCES `event` (`id`) ON DELETE NO ACTION ON UPDATE NO ACTION
) ENGINE=InnoDB AUTO_INCREMENT=71160 DEFAULT CHARSET=latin1;
/*!40101 SET character_set_client = @saved_cs_client */;

--
-- Dumping data for table `received_event`
--

LOCK TABLES `received_event` WRITE;
/*!40000 ALTER TABLE `received_event` DISABLE KEYS */;
/*!40000 ALTER TABLE `received_event` ENABLE KEYS */;
UNLOCK TABLES;

--
-- Table structure for table `system`
--

DROP TABLE IF EXISTS `system`;
/*!40101 SET @saved_cs_client     = @@character_set_client */;
/*!40101 SET character_set_client = utf8 */;
CREATE TABLE `system` (
  `id` int(10) unsigned NOT NULL AUTO_INCREMENT COMMENT 'The Id For The Producer',
  `identifier` varchar(75) NOT NULL COMMENT 'Auto generated column, lower case name',
  `name` varchar(45) NOT NULL COMMENT 'The name of the system',
  `type` varchar(45) NOT NULL COMMENT 'What type of producer it is? (Microservice, ERP, CRM, CRS, etc)',
  `key` varchar(300) NOT NULL COMMENT 'A key to acces eventhos',
  `description` tinytext NOT NULL COMMENT 'A short description for the producer',
  `deleted` tinyint(1) NOT NULL DEFAULT '0',
  `created_at` timestamp NOT NULL DEFAULT CURRENT_TIMESTAMP,
  `updated_at` timestamp NOT NULL DEFAULT CURRENT_TIMESTAMP ON UPDATE CURRENT_TIMESTAMP,
  PRIMARY KEY (`id`),
  UNIQUE KEY `idProducer_UNIQUE` (`id`),
  UNIQUE KEY `indifier_UNIQUE` (`identifier`)
) ENGINE=InnoDB AUTO_INCREMENT=12 DEFAULT CHARSET=latin1;
/*!40101 SET character_set_client = @saved_cs_client */;

--
-- Dumping data for table `system`
--

LOCK TABLES `system` WRITE;
/*!40000 ALTER TABLE `system` DISABLE KEYS */;
INSERT INTO `system` VALUES (1,'profesor_service','Profesor Service','Microservice','asecurekey','El sistema de los profesores',0,'2021-11-16 18:45:58','2021-11-16 18:45:58'),(2,'notas_service','Notas Service','SPA','asecurekey','Servicio para manejas las notas',0,'2021-11-17 13:51:26','2021-11-17 13:51:26'),(3,'pagos_service','Pagos Service','SaaS','asecurekey','Servicio para manejar pagos',0,'2021-11-17 14:34:05','2021-11-17 14:34:05'),(4,'Payment System','payment_system','SaaS','asecurekey','The system where all of the payments are made',0,'2021-11-18 17:24:52','2021-11-18 17:24:52'),(5,'Student System','student_system','Microservice','asecurekey','A system for student managment',0,'2021-11-18 17:26:25','2021-11-18 17:26:25'),(6,'Accounting System','accounting_system','Microservice','asecurekey','A system for accounting management',0,'2021-11-18 17:27:55','2021-11-18 17:27:55'),(7,'Professor System','professor_system','Microservice','asecurekey','A system for professor management',0,'2021-11-18 17:29:54','2021-11-18 17:29:54'),(9,'Virtual Classroom System','virtual_classroom_system','SaaS','asecurekey','The virtual classroom',0,'2021-11-18 17:35:07','2021-11-18 17:35:07'),(10,'mock_system_producer','Mock System Producer','Microservice','asecurekey','A mock system for stress testing',0,'2021-11-19 15:52:25','2021-11-19 15:52:25'),(11,'mock_system_subscriber','Mock System Subscriber','Microservice','asecurekey','A mock system for stress testing',0,'2021-11-19 15:52:53','2021-11-19 15:52:53');
/*!40000 ALTER TABLE `system` ENABLE KEYS */;
UNLOCK TABLES;

--
-- Table structure for table `variable`
--

DROP TABLE IF EXISTS `variable`;
/*!40101 SET @saved_cs_client     = @@character_set_client */;
/*!40101 SET character_set_client = utf8 */;
CREATE TABLE `variable` (
  `id` int(10) unsigned NOT NULL AUTO_INCREMENT,
  `key` varchar(300) NOT NULL,
  `name` varchar(45) NOT NULL,
  `created_at` timestamp NOT NULL DEFAULT CURRENT_TIMESTAMP,
  `updated_at` timestamp NOT NULL DEFAULT CURRENT_TIMESTAMP ON UPDATE CURRENT_TIMESTAMP,
  PRIMARY KEY (`id`),
  UNIQUE KEY `id_UNIQUE` (`id`)
) ENGINE=InnoDB DEFAULT CHARSET=latin1;
/*!40101 SET character_set_client = @saved_cs_client */;

--
-- Dumping data for table `variable`
--

LOCK TABLES `variable` WRITE;
/*!40000 ALTER TABLE `variable` DISABLE KEYS */;
/*!40000 ALTER TABLE `variable` ENABLE KEYS */;
UNLOCK TABLES;
/*!40103 SET TIME_ZONE=@OLD_TIME_ZONE */;

/*!40101 SET SQL_MODE=@OLD_SQL_MODE */;
/*!40014 SET FOREIGN_KEY_CHECKS=@OLD_FOREIGN_KEY_CHECKS */;
/*!40014 SET UNIQUE_CHECKS=@OLD_UNIQUE_CHECKS */;
/*!40101 SET CHARACTER_SET_CLIENT=@OLD_CHARACTER_SET_CLIENT */;
/*!40101 SET CHARACTER_SET_RESULTS=@OLD_CHARACTER_SET_RESULTS */;
/*!40101 SET COLLATION_CONNECTION=@OLD_COLLATION_CONNECTION */;
/*!40111 SET SQL_NOTES=@OLD_SQL_NOTES */;

-- Dump completed on 2021-11-23 12:39:58
